[
    {
        "test_name": "Mountain View Kohls",
        "test_type": "Suburban big box store in local anchor shopping center ",
        "input": {
            "loc": {
                "coordinates": [-122.1078300, 37.4035500],
                "type": "Point"
            }
        },
        "output": ["Kohl's", "Kohl's Mountain View"]
    },
    {
        "test_name": "Manhattan Beach Kettle",
        "test_type": "Non-chain restaurant in suburban downtown area",
        "input": {
            "loc": {
                "coordinates": [-118.4097008, 33.8853681],
                "type": "Point"
            }
        },
        "output": ["Kettle", "The Kettle Manhattan Beach"]
    },
    {
        "test_name": "Manhattan Beach Beckers",
        "test_type": "Suburban bakery, non-chain",
        "input": {
            "loc": {
                "coordinates": [-118.4106739, 33.8842780],
                "type": "Point"
            }
        },
        "output": ["Becker's Bakery and Deli", "Becker's Bakery Manhattan Beach"]
    },

    {
        "test_name": "Manhattan Beach FISHBAR",
        "test_type": "Suburban local bar/restaurant, non-chain",
        "input": {
            "loc": {
                "coordinates": [-118.4182952, 33.9017119],
                "type": "Point"
            }
        },
        "output": ["FISHBAR", "Fishbar Manhattan Beach 2"]
    },

    {
        "test_name": "El Segundo Umi",
        "test_type": "Sushi restaurant in small shopping center",
        "input": {
            "loc": {
                "coordinates": [-118.3947103, 33.9024449],
                "type": "Point"
            }
        },
        "output": ["Umi", "Umi by Hamasuku El Segundo"]
    },

    {
        "test_name": "Redondo Beach Captain Kidd's",
        "test_type": "Fish market in seaside town",
        "input": {
            "loc": {
                "coordinates": [-118.3923475, 33.8434248],
                "type": "Point"
            }
        },
        "output": ["Captain Kidd’s Fish Market", "Captain Kidd’s Redondo Beach 4", "Captain Kidd's Fish Market & Restaurant"]
    },

     {
        "test_name": "Mira Costa High School Manhattan Beach",
        "test_type": "Local public school in Los Angeles County",
        "input": {
            "loc": {
                "coordinates": [-118.3893806, 33.8729666],
                "type": "Point"
            }
        },
        "output": ["Mira Costa High School", "Mira Costa High School Manhattan Beach"]
    },

    {
        "test_name": "El Segundo High School",
        "test_type": "Local public school in Los Angeles County",
        "input": {
            "loc": {
                "coordinates": [-118.4141835, 33.9245280],
                "type": "Point"
            }
        },
        "output": ["El Segundo High School", "El Segundo High School El Segundo"]
    },

     {
        "test_name": "Torrance Black Bear Diner",
        "test_type": "Small diner in LA County",
        "input": {
            "loc": {
                "coordinates": [-118.3517050, 33.8060869],
                "type": "Point"
            }
        },
        "output": ["Black Bear Diner", "Black Bear Diner Torrance", "Torrance Black Bear Diner"]
    },

     {
        "test_name": "Inglewood In-N-Out Burger",
        "test_type": "Chain fast food restaurant/drive thru off California freeway",
        "input": {
            "loc": {
                "coordinates": [-118.3324728, 33.9456953],
                "type": "Point"
            }
        },
        "output": ["In-N-Out Burger", "In-N-Out Burger Inglewood"]
    },

    {
        "test_name": "Torrance Memorial Medical Center",
        "test_type": "Southern California hospital and medical center",
        "input": {
            "loc": {
                "coordinates": [-118.3468133, 33.8124394],
                "type": "Point"
            }
        },
        "output": ["Torrance Memorial Medical Center", "Torrance Memorial Medical Center Torrance", "Surgery Center of South Bay"]
    },
    {
        "test_name": "Walmart Supercenter",
        "test_type": "Suburban big box store by itself in a plaza",
        "input": {
            "loc": {
                "coordinates": [-121.9218589, 37.4310221],
                "type": "Point"
            }
        },
        "output": ["Walmart Supercenter", "Walmart Supercenter Milpitas", "Walmart Photo Center"]
    },
    {
        "test_name": "Loving Hut",
        "test_type": "Restaurant in a large plaza with other restaurants",
        "input": {
            "loc": {
                "coordinates": [-121.9163240, 37.4208679],
                "type": "Point"
            }
        },
        "output": ["Loving Hut", "Loving Hut Milpitas Milpitas"]
    },
    {
        "test_name": "San Francisco Premium Outlets",
        "test_type": "A large outlet with a lot of stores inside",
        "input": {
            "loc": {
                "coordinates": [-121.8479784, 37.6997385],
                "type": "Point"
            }
        },
        "output": ["San Francisco Premium Outlets", "San Francisco Premium Outlets Livermore 3"]
    },
    {
        "test_name": "San Ramon Valley High School",
        "test_type": "A highschool in a suburban community",
        "input": {
            "loc": {
                "coordinates": [-122.0062950, 37.8273458],
                "type": "Point"
            }
        },
        "output": ["San Ramon Valley High School", "San Ramon Valley High School Danville"]
    },
    {
        "test_name": "Bank of America",
        "test_type": "A bank that is on the side of a large road",
        "input": {
            "loc": {
                "coordinates": [-121.8937688, 37.4332083],
                "type": "Point"
            }
        },
        "output": ["Bank of America", "Bank of America Milpitas", "Bank of America Financial Center"]
    },
    {
        "test_name": "Chevron Milpitas",
        "test_type": "A gas station next to a highway and neighborhood",
        "input": {
            "loc": {
                "coordinates": [-121.9208686, 37.4520320],
                "type": "Point"
            }
        },
        "output": ["Chevron Milpitas", "Chevron Milpitas 3"]
    },
    {
        "test_name": "Costco",
        "test_type": "Suburban big box store in a large plaza",
        "input": {
            "loc": {
                "coordinates": [-122.3210599, 37.8989026],
                "type": "Point"
            }
        },
        "output": ["Costco", "Costco Richmond", "Costco Bakery"]
    },
    {
        "test_name": "Layang Layang",
        "test_type": "A restaurant in a plaza with Save Marts",
        "input": {
            "loc": {
                "coordinates": [-121.9110908, 37.4289207],
                "type": "Point"
            }
        },
        "output": ["Layang Layang", "Layang Layang Milpitas", "Layang Layang Malaysian Cuisine"]
    },
    {
        "test_name": "Kaiser Permanente Pediatrics Building",
        "test_type": "Clinic next to a road",
        "input": {
            "loc": {
                "coordinates": [-121.8938994, 37.4320244],
                "type": "Point"
            }
        },
        "output": ["Kaiser Permanente Pediatrics Building", "Kaiser Permanente Pediatrics Building Milpitas 2"]
    },
    {
        "test_name": "Taco Bell",
        "test_type": "Chain fast-food restaurant",
        "input": {
            "loc": {
                "coordinates": [-121.8758283, 37.4171766],
                "type": "Point"
            }
        },
        "output": ["Taco Bell", "Taco Bell Milpitas"]
    },

    {
        "test_name": "Northbrook Village Hall",
        "test_type": "Village hall in downtown area in North suburb of Chicago ",
        "input": {
            "loc": {
                "coordinates": [-87.8311015, 42.1296436],
                "type": "Point"
            }
        },
        "output": ["Northbrook Village Hall", "Village Hall Northbrook", "Northbrook Village Hall", "northbrook Village hall"]
    },

    {
        "test_name": "Patisserie Coralie",
        "test_type": "A local patisserie in downtown area in North suburb of Chicago ",
        "input": {
            "loc": {
                "coordinates": [-87.6799562,  42.0461498],
                "type": "Point"
            }
        },
        "output": ["Patisserie Coralie", "Patisserie Coralie Evanston"]
    },

    {
        "test_name": "Northbrook Public Library",
        "test_type": "Where I spent a lot of my childhood, reading, studying and crying in North suburb of Chicago ",
        "input": {
            "loc": {
                "coordinates": [-87.8310260,  42.1305753],
                "type": "Point"
            }
        },
        "output": ["Northbrook Public Library", "Northbrook Public Library Northbrook"]
    },

    {
        "test_name": "Music Institute of Chicago",
        "test_type": "A music institute of study in North suburb of Chicago ",
        "input": {
            "loc": {
                "coordinates": [-87.6807234, 42.0449701],
                "type": "Point"
            }
        },
        "output": ["Music Institute of Chicago", "Music Institute of Chicago Evanston"]
    },

    {
        "test_name": "Town Cleaners",
        "test_type": "A local dry cleaners in a North suburb of Chicago ",
        "input": {
            "loc": {
                "coordinates": [-87.6803244,  42.0454404],
                "type": "Point"
            }
        },
        "output": ["Town Cleaners", "Town Cleaners Evanston"]
    },

    {
        "test_name": "RadioShack Evanston",
        "test_type": "A RadioShack for music-related tech products in a North suburb of Chicago ",
        "input": {
            "loc": {
                "coordinates": [-87.6815733, 42.0483088],
                "type": "Point"
            }
        },
        "output": ["RadioShack", "RadioShack Evanston"]
    },

    {
        "test_name": "Squash Blossom",
        "test_type": "A local jewlery store in Vail, CO ",
        "input": {
            "loc": {
                "coordinates": [-106.3744452, 39.6405737],
                "type": "Point"
            }
        },
        "output": ["Squash Blossom", "Squash Blossom Vail 2"]
    },

    {
        "test_name": "Garfinkel's",
        "test_type": "A locally owned restaurant in Vail, CO (Lionshead Village) ",
        "input": {
            "loc": {
                "coordinates": [-106.3878760, 39.6432528],
                "type": "Point"
            }
        },
        "output": ["Garfinkel's", "Garfinkel's Vail"]
    },

    {
        "test_name": "Art Institute of Chicago Garden",
        "test_type": "World-Renowned museum of art in Chicago, garden ",
        "input": {
            "loc": {
                "coordinates": [-87.6236237, 41.8795675],
                "type": "Point"
            }
        },
        "output": ["Art Institute's Gardens", "Art Institute of Chicago Chicago 3", "The Art Institute of Chicago", "Art Institute of Chicago"]
    },

    {
        "test_name": "Bitcoin of America",
        "test_type": "A bitcoin front-facing company in Chicago ",
        "input": {
            "loc": {
                "coordinates": [-87.6256760, 41.8805215],
                "type": "Point"
            }
        },
        "output": ["Bitcoin of America", ""]
    },
    {
        "test_name": "Pekoe San Jose",
        "test_type": "Tea shop along major road in strip mall",
        "input": {
            "loc": {
                "coordinates": [-121.790188997984, 37.3145584994999],
                "type": "Point"
            }
        },
        "output": ["Pekoe", "Pekoe San Jose"]
    },
    {
        "test_name": "99 Ranch Market Fremont",
        "test_type": "Asian Supermarket in strip mall",
        "input": {
            "loc": {
                "coordinates": [-121.03944, 37.57507],
                "type": "Point"
            }
        },
        "output": ["99 Ranch Market", "99 Ranch Market Fremont"]
    },
    {
        "test_name": "Mission San Jose High School Fremont",
        "test_type": "Suburban high school in residential area",
        "input": {
            "loc": {
                "coordinates": [-121.93371753373, 37.5441242756684],
                "type": "Point"
            }
        },
        "output": ["Mission San Jose High School", "Mission San Jose High School Fremont"]
    },
    {
        "test_name": "Giraffe Learning Center",
        "test_type": "after school tutoring place in strip mall",
        "input": {
            "loc": {
                "coordinates": [-121.946624755859, 37.5413246154785],
                "type": "Point"
            }
        },
        "output": ["Giraffe Learning Center", "Giraffe Learning Center Fremont"]
    },
    {
        "test_name": "Costco",
        "test_type": "large wholesale store w/ food court in suburban strip mall",
        "input": {
            "loc": {
                "coordinates": [-121.973287, 37.501845],
                "type": "Point"
            }
        },
        "output": ["Costco", "Costco Fremont"]
    },
    {
        "test_name": "Ohlone College",
        "test_type": "large community college in suburban area",
        "input": {
            "loc": {
                "coordinates": [-121.914514, 37.530557],
                "type": "Point"
            }
        },
        "output": ["Ohlone College", "Ohlone College Fremont"]
    },
    {
        "test_name": "Holiday Inn San Jose - Silicon Valley",
        "test_type": "large hotel in urban area",
        "input": {
            "loc": {
                "coordinates": [-121.908210754395, 37.3615913391113],
                "type": "Point"
            }
        },
        "output": ["Holiday Inn San Jose - Silicon Valley", "Holiday Inn San Jose Silicon Valley San Jose", "Holiday Inn"]
    },
    {
        "test_name": "Annie Hair & Beauty",
        "test_type": "barber shop in strip mall",
        "input": {
            "loc": {
                "coordinates": [-121.9293976, 37.4890594],
                "type": "Point"
            }
        },
        "output": ["Annie Hair & Beauty", "Annie Hair & Beauty Fremont"]
    },
    {
        "test_name": "Quik Stop",
        "test_type": "gas station near highway onramp",
        "input": {
            "loc": {
                "coordinates": [-121.99445, 37.5580042422888],
                "type": "Point"
            }
        },
        "output": ["Quik Stop", "Quik Stop Fremont"]
    },
    {
        "test_name": "Department of Motor Vehicles",
        "test_type": "DMV office in central area of town",
        "input": {
            "loc": {
                "coordinates": [-122.00728, 37.55314],
                "type": "Point"
            }
        },
        "output": ["Department of Motor Vehicles", "Department of Motor Vehicles Fremont 4"]
    }
    ,

    {
        "test_name": "Italian Homemade",
        "test_type": "Main Street type commercial district italian restaurant",
        "input": {
            "loc": {
                "coordinates": [-122.252844, 37.858179],
                "type": "Point"
            }
        },
        "output": ["Italian Homemade", "the-italian-homemade-company-berkeley-3"]
    }
,
    {
        "test_name": "Jong Ga House",
        "test_type": "Midtown type commercial district korean barbecue",
        "input": {
            "loc": {
                "coordinates": [-122.254948, 37.809082],
                "type": "Point"
            }
        },
        "output": ["Jong Ga House", "jong-ga-house-oakland"]
    }
,
    {
        "test_name": "T Pumps",
        "test_type": "Midtown type main street boba tea shop",
        "input": {
            "loc": {
                "coordinates": [-122.478639, 37.763643],
                "type": "Point"
            }
        },
        "output": ["Tpumps", "tpumps-san-francisco"]
    }
,
    {
        "test_name": "Martinez Commons",
        "test_type": "Urban apartment building",
        "input": {
            "loc": {
                "coordinates": [-122.258042, 37.866615],
                "type": "Point"
            }
        },
        "output": ["Maximo Martinez Commons"]
    }
,
    {
        "test_name": "Richmond District House",
        "test_type": "Flats in medium/low density SF richmond district",
        "input": {
            "loc": {
                "coordinates": [-122.469817, 37.779966],
                "type": "Point"
            }
        },
        "output": []
    }
,
    {
        "test_name": "Novato Unified School District",
        "test_type": "Suburban office for school district",
        "input": {
            "loc": {
                "coordinates": [-122.578671, 38.109495],
                "type": "Point"
            }
        },
        "output": ["Novato Unified School District"]
    }
,
    {
        "test_name": "Tamalpais Pediatrics",
        "test_type": "Pediatrician's office in suburban medical complex",
        "input": {
            "loc": {
                "coordinates": [-122.540262, 37.944070],
                "type": "Point"
            }
        },
        "output": ["Tamalpais Pediatrics", "tamalpais-pediatrics-larkspur"]
    }
,
    {
        "test_name": "Novato Library",
        "test_type": "Library in suburban setting",
        "input": {
            "loc": {
                "coordinates": [-122.580147, 38.107132],
                "type": "Point"
            }
        },
        "output": ["Novato Library", "novato-library-novato"]
    }
,
    {
        "test_name": "O'hair Park",
        "test_type": "Large park adjacent to open lands",
        "input": {
            "loc": {
                "coordinates": [-122.619220, 38.116237],
                "type": "Point"
            }
        },
        "output": ["O'Hair Park", "o-hair-park-novato"]
    }   
]
